SEAN_PAYTON,DAN_DALRYMPLE
TODD_BOWLES,BRIAN_DABOLL
CHIP_KELLY,BILL_DAVIS
JOE_BARRY,JIM_COLLETTO
RICK_DENNISON,CEDRIC_SMITH
BRIAN_SCHOTTENHEIMER,ROCK_GULLICKSON
MIKE_PHAIR,DAVE_TOUB
JOE_MARCIANO,JOSH_SCHULER
ALEX_SPANOS,ANTHONY_LYNN
BRENDAN_DALY,MOSES_CABRERA
STEVE_WATTERSON,ALAN_LOWRY
JOHN_BONAMEGO,HAROLD_NASH
PAUL_ALLEN,PETE_CARROLL
TERRENCE_PEGULA,DOUG_MARRONE
RICH_BISACCIA,MIKE_WOICIK
DENISE_DEBARTOLO_YORK,JIM_HARBAUGH
JANICE_MCNAIR,BILL_O'BRIEN
STEVE_SPAGNUOLO,PAT_SHURMUR
JASON_GARRETT,BILL_CALLAHAN
JEFF_FISHER,STAN_KROENKE
PETE_CARROLL,ESTATE_OF_PAUL_ALLEN
HAL_HUNTER,RICH_BISACCIA
WADE_PHILLIPS,TED_RATH
JOHN_DEFILIPPO,JESS_LANGVARDT
ZYGI_WILF,LESLIE_FRAZIER
ESTATE_OF_MALCOLM_GLAZER,LOVIE_SMITH
MIKE_NOLAN,DUANE_CARLISLE
DENNIS_ALLEN,MARK_DAVIS
PERRY_FEWELL,ERIC_WASHINGTON
BILL_CALLAHAN,KEVIN_O'CONNELL
TONY_SPARANO,MIKE_WESTHOFF
MIKE_WOICIK,JOE_DECAMILLIS
BILL_MUSGRAVE,LOREN_LANDOW
GREG_MANUSKY,KURT_SCHOTTENHEIMER
DENNIS_THURMAN,JUSTUS_GALAC
BRIAN_DABOLL,TRACY_SMITH
KYLE_SHANAHAN,DANNY_SMITH
FRANK_REICH,JOSH_HINGST
GEORGE_EDWARDS,BRUCE_DEHAVEN
SEAN_MCDERMOTT,RICHARD_RODGERS
JIM_SCHWARTZ,DANNY_CROSSMAN
SEAN_MCDERMOTT,BRUCE_DEHAVEN
BRIAN_SCHNEIDER,CHRIS_CARLISLE
DANIEL_SNYDER,BILL_CALLAHAN
JACK_DEL_RIO,MEL_TUCKER
REX_RYAN,BILL_HUGHAN
VANCE_JOSEPH,TOM_MCMAHON
BILL_LAZOR,DARREN_RIZZI
GEORGE_GODSEY,CRAIG_FITZGERALD
DICK_LEBEAU,GARRETT_GIEMONT
ADAM_GASE,STEPHEN_ROSS
MIKE_TICE,DAVE_TOUB
RAY_WRIGHT,KYLE_SHANAHAN
BILL_BIDWILL,STEVE_WILKS
JOHN_HARBAUGH,GREG_MATTISON
NORV_TURNER,STEVE_CROSBY
MIKE_MUNCHAK,STEVE_WATTERSON
RYAN_DAY,DAVE_FIPP
STEVE_HOFFMAN,DEDRIC_WARD
TODD_BOWLES,AMOS_JONES
JOHN_FASSEL,TED_RATH
MALCOLM_GLAZER,JON_GRUDEN
JIM_CALDWELL,JASON_ARAPOFF
MIKE_WOICIK,SCOTT_O'BRIEN
BILL_HUGHAN,MIKE_WESTHOFF
JESS_SIMPSON,JESSE_ACKERMAN
STEPHEN_ROSS,ADAM_GASE
MARVIN_LEWIS,PAUL_GUENTHER
DOUG_PEDERSON,BOBBY_APRIL
CHUCK_BRESNAHAN,JOHN_FASSEL
GAYLE_BENSON,SEAN_PAYTON
STEVE_SPAGNUOLO,KEN_FLAJOLE
ANDY_REID,BOB_SUTTON
ADAM_GASE,MARWAN_MAALOUF
MIKE_ZIMMER,PAT_SHURMUR
MATT_PATRICIA,MARTHA_FIRESTONE_FORD
MATT_PATRICIA,JOHN_BONAMEGO
MIKE_WOICIK,RICH_BISACCIA
GEORGE_EDWARDS,MIKE_PRIEFER
MIKE_PRIEFER,MARK_UYEYAMA
JOHN_MARA,TOM_COUGHLIN
BILL_BELICHICK,BILL_O'BRIEN
JIM_MORA,PAUL_ALLEN
STEVE_SPAGNUOLO,ROCK_GULLICKSON
ROB_CHUDZINSKI,NORV_TURNER
JASON_ARAPOFF,DANNY_CROSSMAN
JOE_KENNASSISTANT_STRENGTH,RICHARD_RODGERS
RICK_BURKHOLDER,DAVE_TOUB
MARWAN_MAALOUF,DARREN_KREIN
JEFFREY_LURIE,ANDY_REID
TOM_COUGHLIN,TOM_QUINN
ERIC_MANGINI,KENT_JOHNSTON
JEFF_FISHER,ROB_BORAS
DIRK_KOETTER,AJ_NEIBEL
ROB_CHUDZINSKI,DARREN_KREIN
BOB_BABICH,TOM_MYSLINSKI
MIKE_TOMLIN,DANIEL_M_ROONEY
JOHN_HARBAUGH,CAM_CAMERON
JIM_CALDWELL,TOM_MOORE
TONY_SPARANO,MIKE_NOLAN
BRAD_CHILDRESS,KARL_DUNBAR
RAHEEM_MORRIS,GREG_OLSON
JOHN_HARBAUGH,JIM_CALDWELL
MARVIN_LEWIS,HUE_JACKSON
BILL_O'BRIEN,BOB_MCNAIR
JAMES_URBAN,BOBBY_APRIL
MIKE_SHERMAN,DARREN_RIZZI
BILL_DAVIS,SHAUN_HULS
JOHN_PAGANO,KENT_JOHNSTON
JAMES_IRSAY,JIM_CALDWELL
JOHN_MARA,BEN_MCADOO
PAT_SHURMUR,DICK_JAURON
JOHN_HARBAUGH,DON_MARTINDALE
VANCE_JOSEPH,BILL_MUSGRAVE
MATT_PATRICIA,JIM_BOB_COOTER
CLYDE_CHRISTENSEN,ROGER_MARANDINO
TERRY_ROBISKIE,STEVE_WATTERSON
PAT_SHURMUR,DAVE_FIPP
GREGG_WILLIAMS,AMOS_JONES
JOE_PHILBIN,MIKE_PETTINE
JIM_CALDWELL,BOB_ROGUCKI
DAVE_REDDING,JOE_PHILBIN
THOMAS_MCGAUGHEY,AARON_WELLMAN
BRAD_CHILDRESS,PAUL_FERRARO
JON_GRUDEN,MONTE_KIFFIN
ADAM_GASE,BRANT_BOYER
RORY_SEGREST,PAT_SHURMUR
MIKE_NOLAN,KEITH_ARMSTRONG
LESLIE_FRAZIER,ERIC_CIANO
WOODY_JOHNSON,REX_RYAN
JIM_CALDWELL,LARRY_COYER
JOHN_FOX,DENNIS_ALLEN
BILL_CALLAHAN,JOE_DECAMILLIS
VIC_FANGIO,RICH_SCANGARELLO
DEAN_PEES,JOSH_MCDANIELS
SCOTT_LINEHAN,RICH_BISACCIA
EDGAR_BENNETT,MARK_LOVAT
SEAN_MCVAY,MIKE_CLARK
DOUG_PEDERSON,JIM_SCHWARTZ
TODD_BOWLES,JEREMY_BATES
MARK_HELFRICH,JASON_LOSCALZO
DUANE_CARLISLE,MIKE_MARTZ
GREG_MCMAHON,DOUG_MARRONE
JEFF_FISHER,STEVE_WATTERSON
LESLIE_FRAZIER,ALAN_WILLIAMS
LUKE_RICHESSON,RUSS_PURNELL
CHRIS_TABOR,BRAD_ROLL
DEAN_PEES,BOB_ROGUCKI
DANIEL_SNYDER,MIKE_SHANAHAN
ESTATE_OF_MALCOLM_GLAZER,BRUCE_ARIANS
LESLIE_FRAZIER,FRED_PAGAC
MARC_TRESTMAN,AARON_KROMER
JASON_GARRETT,RICH_BISACCIA
ROB_BORAS,JOHN_FASSEL
NICK_SIRIANNI,RUSTY_JONES
JERRY_SIMMONS,JEFF_DAVIDSON
JAY_BUTLER,BOB_LIGASHESKY
MIKE_MCDANIEL,MARQUIS_JOHNSON
DAN_QUINN,RICHARD_SMITH
FRANK_REICH,MATT_EBERFLUS
BILL_MUIR,STEVE_HOFFMAN
GARRETT_GIEMONT,BRUCE_ARIANS
JIM_HASLETT,KEITH_BURNS
TONY_DUNGY,RUSS_PURNELL
JIM_HARBAUGH,GREG_ROMAN
CHUCK_PAGANO,CLYDE_CHRISTENSEN
LOVIE_SMITH,KEVIN_O'DEA
ANDY_REID,MATT_NAGY
MATT_LAFLEUR,SHAWN_MENNENGA
MIKE_CLARK,TOM_MCMAHON
NATE_KAZCOR,DAVE_KENNEDY
BEN_KOTWICA,CHAD_ENGLEHART
AL_DAVIS,TOM_CABLE
MIKE_MCCOY,KENT_JOHNSON
DOWELL_LOGGAINS,STEVE_WATTERSON
BOBBY_APRIL,JUSTUS_GALAC
BILL_BELICHICK,MIKE_WOICIK
ERIC_MANGINI,BOB_SUTTON
VANCE_JOSEPH,BROCK_OLIVO
MATT_NAGY,CHRIS_TABOR
PETE_CARMICHAEL,GREG_MCMAHON
AJ_NEIBEL,KEITH_ARMSTRONG
STEVE_SPAGNUOLO,JOSH_MCDANIELS
BILL_CALLAHAN,DANIEL_SNYDER
JEDD_FISCH,MIKE_MALLORY
KYLE_SHANAHAN,AJ_NEIBEL
RALPH_WILSON,DOUG_MARRONE
MARVIN_LEWIS,MIKE_ZIMMER
JOE_PHILBIN,ZAC_TAYLOR
JASON_ARAPOFF,JIM_COLLETTO
DANNY_CROSSMAN,DAVE_PULOKA
GREG_OLSON,AL_MILLER
TOM_MCMAHON,ROGER_MARANDINO
DANNY_SMITH,GARRETT_GIEMONT
JOSH_MCDANIELS,DON_MARTINDALE
CHIP_KELLY,PAT_SHURMUR
MIKE_MUNCHAK,NATE_KACZOR
DOUG_MARRONE,TERRENCE_PEGULA
DOUG_MARRONE,ERIC_CIANO
JOHN_FOX,VIC_FANGIO
SEAN_PAYTON,GAYLE_BENSON
TED_MONACHINO,DARREN_KREIN
FRED_PAGAC,MIKE_PRIEFER
JOHN_PAGANO,KEVIN_SPENCER
GUS_BRADLEY,JOHN_LOTT
SEAN_PAYTON,GREG_MCMAHON
KEN_WHISENHUNT,MIKE_MILLER
HUE_JACKSON,AL_SAUNDERS
MIKE_SMITH,MIKE_NOLAN
MIKE_MULARKEY,BOB_BRATKOWSKI
BILL_CALLAHAN,GREG_MANUSKY
JASON_ARAPOFF,SCOTT_LINEHAN
RAY_WRIGHT,KEITH_BURNS
KEITH_ARMSTRONG,AJ_NEIBEL
DON_MARTINDALE,STEVE_SAUNDERS
VIRGINIA_HALAS_MCCASKEY,MATT_NAGY
JIM_CALDWELL,CLYDE_CHRISTENSEN
MIKE_MULARKEY,TOM_MYSLINSKI
RON_RIVERA,THOMAS_MCGAUGHEY
FRANK_REICH,KENT_JOHNSTON
TERYL_AUSTIN,HAROLD_NASH
ED_DONATELL,LOREN_LANDOW
JOHN_FOX,MIKE_TRGOVAC
MIKE_ZIMMER,GEORGE_EDWARDS
STEVE_WILKS,BILL_BIDWILL
JON_TORINE,TOM_MOORE
STEPHEN_ROSS,TONY_SPARANO
JON_GRUDEN,MALCOLM_GLAZER
JEFF_FISHER,TIM_WALTON
MIKE_MUNCHAK,DOWELL_LOGGAINS
JAY_GRUDEN,JIM_HASLETT
BRIAN_SCHOTTENHEIMER,MIKE_WESTHOFF
JIM_IRSAY,JIM_CALDWELL
BILL_BELICHICK,JOSH_MCDANIELS
TODD_BOWLES,CHAN_GAILEY
MARVIN_LEWIS,KEN_ZAMPESE
KYLE_SHANAHAN,ROBERT_SALEH
BOB_ROGUCKI,CHRIS_HEWITT
JOE_CULLEN,RUSS_PURNELL
JASON_TARVER,BOBBY_APRIL
MARVIN_LEWIS,JACOB_BURNEY
ADAM_GASE,JEFF_RODGERS
EVAN_MARCUS,JOHN_BONAMEGO
AARON_KROMER,TED_RATH
MIKE_MALLORY,TOM_MYSLINSKI
BRADFORD_BANTA,DAN_DALRYMPLE
JERRY_RICHARDSON,JOHN_FOX
JOHN_FOX,RON_MEEKS
MIKE_SINGLETARY,DENISE_DEBARTOLO_YORK
MARK_WHIPPLE,CHRIS_TABOR
JOE_BARRY,MIKE_CLARK
SCOTT_TURNER,JOE_KENN
BILL_BELICHICK,MATT_PATRICIA
TODD_BOWLES,BRANT_BOYER
ANTHONY_LYNN,KEN_WHISENHUNT
BRIAN_FLORES,DANNY_CROSSMAN
ADAM_GASE,GREGG_WILLIAMS
ROCK_GULLICKSON,JOHN_FASSEL
JOSH_HINGST,DAVE_FIPP
KEVIN_SPENCER,KENT_JOHNSON
BEN_KOTWICA,JESSE_ACKERMAN
GRADY_STRETZ,DWAYNE_STUKES
JEFF_RODGERS,BUDDY_MORRIS
MIKE_SINGLETARY,DUANE_CARLISLE
CHAN_GAILEY,GEORGE_EDWARDS
JASON_GARRETT,MONTE_KIFFIN
BRUCE_ARIANS,JAMES_BETTCHER
SEAN_MCDERMOTT,JOE_KENN
ANTHONY_LYNN,TERRY_PEGULA
PETE_CARROLL,PAUL_G_ALLEN_TRUST
DOM_CAPERS,JOE_PHILBIN
HUE_JACKSON,CHIP_MORTON
RICK_BURKHOLDER,JAMES_URBAN
KEVIN_COYLE,DARREN_RIZZI
JIM_SCHWARTZ,STAN_KWAN
TOM_CABLE,HUE_JACKSON
GUS_BRADLEY,SHAHID_KHAN
LOVIE_SMITH,JEFF_TEDFORD
CLANCY_PENDERGAST,DEDRIC_WARD
JAY_GRUDEN,JOE_BARRY
MATT_LAFLEUR,MIKE_PETTINE
EDGAR_BENNETT,RON_ZOOK
RUSTY_JONES,DAVE_TOUB
CEDRIC_SMITH,JOE_MARCIANO
MIKE_PETTINE,CHRIS_GIZZI
TODD_BOWLES,BOBBY_APRIL
FRANK_REICH,JIM_IRSAY
PAT_SHURMUR,THOMAS_MCGAUGHEY
RUSTY_JONES,RON_TURNER
GARRETT_GIEMONT,AL_EVEREST
MIKE_MCCOY,BUDDY_MORRIS
BILLY_DAVIS,KEVIN_SPENCER
JIMMY,GREGG_WILLIAMS
JOSH_MCDANIELS,PAT_BOWLEN
DAN_QUINN,KYLE_SHANAHAN
KLIFF_KINGSBURY,VANCE_JOSEPH
MIKE_SHULA,RICHARD_RODGERS
KENT_JOHNSON,KEVIN_SPENCER
JIM_SCHWARTZ,BOB_KARMELOWICZ
JOE_PHILBIN,MARWAN_MAALOUF
JIM_TOMSULA,GEEP_CHRYST
MIKE_SULLIVAN,BOB_LIGASHESKY
MARTY_MORNHINWEG,THOMAS_MCGAUGHEY
RANDY_FICHTNER,GARRETT_GIEMONT
LOVIE_SMITH,MIKE_TICE
DOUG_MARRONE,DANNY_CROSSMAN
BEN_MCADOO,STEVE_SPAGNUOLO
BEN_KOTWICA,RAY_WRIGHT
DENISE_DEBARTOLO_YORK,MIKE_SINGLETARY
LESLIE_FRAZIER,ZYGI_WILF
SEAN_MCVAY,STAN_KROENKE
JIM_JOHNSON,PAT_SHURMUR
MIKE_MULARKEY,KEITH_ARMSTRONG
GREG_MANUSKY,TOM_MCMAHON
SEAN_PAYTON,GARY_GIBBS
JOHN_HARBAUGH,BOB_ROGUCKI
PAT_SHURMUR,RANDY_LERNER
MATT_NAGY,VIC_FANGIO
DENNIS_THURMAN,ERIC_CIANO
KENT_JOHNSTON,CHRIS_TABOR
THOMAS_MCGAUGHEY,JOE_KENN
TOM_CABLE,AL_DAVIS
BRIAN_FLORES,PATRICK_GRAHAM
JEFF_DAVIDSON,JEFF_RODGERS
ERIC_SUGARMAN,BRIAN_MURPHY
MIKE_BROWN,MARVIN_LEWIS
ROD_MARINELLI,STAN_KWAN
CHIP_KELLY,RYAN_DAY
FRANK_REICH,RAYMOND_VENTRONE
MIKE_HEIMERDINGER,ALAN_LOWRY
FRANK_REICH,KEVIN_SPENCER
MIKE_CLARK,GREG_KNAPP
NATHANIEL_HACKETT,JESS_LANGVARDT
ERIC_MANGINI,THOMAS_MCGAUGHEY
JIM_HARBAUGH,DENISE_DEBARTOLO_YORK
ADAM_GASE,MATT_BURKE
BYRON_STORER,A_J_NEIBEL
DANIEL_M_ROONEY,MIKE_TOMLIN
NORV_TURNER,BRAD_ROLL
DARRELL_BEVELL,HAROLD_NASH
MARTY_MORNHINWEG,JUNEY_BARNETT
BRAD_SEELY,JOSH_MCDANIELS
MIKE_WESTHOFF,BRIAN_SCHOTTENHEIMER
JERRY_RICHARDSON,RON_RIVERA
BRUCE_ARIANS,TODD_BOWLES
TOM_CLEMENTS,MARK_LOVAT
ERIC_WASHINGTON,JOE_KENN
CHUCK_PAGANO,JASON_LOSCALZO
REX_RYAN,JUSTUS_GALAC
DAN_QUINN,JESS_SIMPSON
CAM_CAMERON,CHRIS_HEWITT
CHRIS_HEWITT,BOB_ROGUCKI
MIKE_CLARK,BEN_KOTWICA
BOB_BABICH,MIKE_MALLORY
JIM_SCHWARTZ,KRIS_KOCUREK
ANTHONY_LYNN,SHANE_STEICHEN
MARK_LOVAT,SHAWN_SLOCUM
JOSH_MCDANIELS,MIKE_PRIEFER
PETE_CARMICHAEL,DAN_DALRYMPLE
HAROLD_NASH,SCOTT_O'BRIEN
AL_MILLER,STEVE_HOFFMAN
BRAD_SEELY,MIKE_EUBANKS
MATT_PATRICIA,HAROLD_NASH
ROMEO_CRENNEL,CRAIG_FITZGERALD
PAUL_ALLEN,JIM_MORA
GUS_BRADLEY,GREG_KNAPP
DAVID_TEPPER,RON_RIVERA
JIM_CALDWELL,JIM_IRSAY
LESLIE_FRAZIER,ERIC_SUGARMAN
VIC_FANGIO,ESTATE_OF_PAT_BOWLEN
CHAD_O'SHEA,DAVE_PULOKA
KEVIN_STEFANSKI,MARK_UYEYAMA
BOB_ROGUCKI,MARWAN_MAALOUF
TODD_MONKEN,DAVE_KENNEDY
BRIAN_SCHOTTENHEIMER,IVAN_LEWIS
DAVE_FIPP,JOSH_HINGST
DENNIS_ALLEN,JOHN_GRIECO
JOHN_HARBAUGH,CHRIS_HORTON
JEREMY_BATES,BRIAN_SCHNEIDER
BEN_MCADOO,JOHN_MARA
STEVE_WILKS,MIKE_MCCOY
DAN_QUINN,BEN_KOTWICA
MATT_LAFLEUR,BOARD_OF_DIRECTORS
DAVID_YOUNG,THOMAS_MCGAUGHEY
BUD_ADAMS,MIKE_MUNCHAK
MIKE_SMITH,BRIAN_VANGORDER
BRAD_CHILDRESS,ZYGI_WILF
TODD_HALEY,STEVE_HOFFMAN
TOM_MOORE,RAY_RYCHLESKI
DARRELL_BEVELL,BRIAN_MURPHY
ADAM_GASE,LUKE_RICHESSON
GARRETT_GIEMONT,AMOS_JONES
DAVID_LEE,ERIC_CIANO
MEL_TUCKER,RUSS_PURNELL
TIM_WALTON,JOHN_FASSEL
DICK_LEBEAU,DANNY_SMITH
RALPH_WILSON,CHAN_GAILEY
SEAN_MCDERMOTT,DANNY_CROSSMAN
KRIS_RICHARD,CHRIS_CARLISLE
BOB_LIGASHESKY,BRUCE_ARIANS
BRUCE_DEHAVEN,GREG_KNAPP
ARTHUR_BLANK,MIKE_SMITH
STAN_KROENKE,SEAN_MCVAY
KYLE_SHANAHAN,KEITH_ARMSTRONG
MATT_CAVANAUGH,CHAD_ENGLEHART
CHRIS_HORTON,VACANT
JIM_SCHWARTZ,JOSH_HINGST
DAN_HENNING,DARREN_RIZZI
KACY_RODGERS,JUSTUS_GALAC
MIKE_NOLAN,GREG_MANUSKY
CHUCK_PAGANO,TOM_MCMAHON
DOUG_MARRONE,JIM_SCHWARTZ
JAY_GRUDEN,BEN_KOTWICA
BILL_BELICHICK,BRENDAN_DALY
JASON_GARRETT,KELLEN_MOORE
WADE_WILSON,JOE_DECAMILLIS
AL_EVEREST,JIMMY_RAYE
VIC_FANGIO,ED_DONATELL
CLARENCE_SHELMON,RICH_BISACCIA
MIKE_GROH,ROCK_GULLICKSON
JIM_HOSTLER,MARK_LOVAT
MARWAN_MAALOUF,MARK_UYEYAMA
MIKE_BROWN,ZAC_TAYLOR
TOM_COUGHLIN,KEVIN_GILBRIDE
LOU_ANARUMO,DARREN_KREIN
RON_ZOOK,MARK_LOVAT
ROBERT_KRAFT,BILL_BELICHICK
REX_RYAN,BEN_KOTWICA
MIKE_ZIMMER,ZYGI_WILF
MIKE_PETTINE,CHRIS_TABOR
BRIAN_FLORES,CHAD_O'SHEA
DON_MARTINDALE,MIKE_PRIEFER
ROMEO_CRENNEL,CLARK_HUNT
MIKE_PETTINE,JIM_O'NEIL
JOHN_LOTT,AMOS_JONES
CLYDE_CHRISTENSEN,DAVE_PULOKA
DEAN_PEES,FRANK_PIRAINO
MIKE_TOMLIN,RANDY_FICHTNER
DOWELL_LOGGAINS,JASON_GEORGE
DOWELL_LOGGAINS,DAVE_PULOKA
MEL_TUCKER,LUKE_RICHESSON
ANTHONY_LYNN,DAVID_LEE
JEFF_FISHER,MIKE_GROH
NORV_TURNER,MIKE_PRIEFER
MARQUAND_MANUEL,AJ_NEIBEL
JAMES_BETTCHER,AARON_WELLMAN
JOHN_FOX,RICH_TUTEN
CHUCK_PAGANO,PEP_HAMILTON
FREDDIE_KITCHENS,TODD_MONKEN
CLYDE_CHRISTENSEN,RAY_RYCHLESKI
CLYDE_CHRISTENSEN,MARWAN_MAALOUF
MARQUAND_MANUEL,JESSE_ACKERMAN
KEVIN_O'CONNELL,CHAD_ENGLEHART
KRIS_RICHARD,BRIAN_SCHNEIDER
BRAD_SEELY,LUKE_RICHESSON
REX_RYAN,MIKE_PETTINE
BILL_O'BRIEN,BOB_LIGASHESKY
RON_RIVERA,CHASE_BLACKBURN
JERRY_PALMIERI,TOM_QUINN
BILL_SHERIDAN,BOB_LIGASHESKY
MIKE_ZIMMER,CHIP_MORTON
BOB_SUTTON,BARRY_RUBIN
CRAIG_AUKERMAN,KENT_JOHNSTON
STEPHEN_ROSS,JOE_PHILBIN
JOSH_MCDANIELS,MIKE_NOLAN
MARVIN_LEWIS,JAY_GRUDEN
JOE_PHILBIN,DARREN_KREIN
BILL_BELICHICK,BRET_BIELEMA
JAY_GRUDEN,DARRIN_SIMMONS
PEP_HAMILTON,TOM_MCMAHON
JOHN_MARSHALL,JOHN_FASSEL
CHUCK_PAGANO,MARWAN_MAALOUF
TOM_BENSON,SEAN_PAYTON
RANDY_JORDAN,RAY_WRIGHT
MIKE_PETTINE,MARK_LOVAT
SEAN_RYAN,LUKE_RICHESSON
MIKE_PRIEFER,LARRY_JACKSON
GREG_MANUSKY,CHAD_ENGLEHART
CHAN_GAILEY,CURTIS_MODKINS
JOHN_FOX,JACK_DEL_RIO
ADAM_GASE,VANCE_JOSEPH
JOE_PHILBIN,BOARD_OF_DIRECTORS
MIKE_MCCOY,JEFF_RODGERS
JASON_TARVER,AL_MILLER
TODD_HALEY,CLARK_HUNT
NORV_TURNER,ALEX_SPANOS
MIKE_MCCOY,ALEX_SPANOS
ANTHONY_LYNN,MARQUICE_WILLIAMS
CURTIS_MODKINS,BRUCE_DEHAVEN
CLARENCE_SHELMON,STEVE_CROSBY
CHRIS_PALMER,ALAN_LOWRY
JERRY_PALMIERI,KEVIN_GILBRIDE
JON_TORINE,RAY_RYCHLESKI
JACK_DEL_RIO,LUKE_RICHESSON
DENNIS_ALLEN,JASON_TARVER
BOB_SUTTON,DAVE_TOUB
KSA_INDUSTRIES,MIKE_MULARKEY
MIKE_MCCARTHY,DOM_CAPERS
ANDY_REID,JAMES_URBAN
BRUCE_ARIANS,JOHN_LOTT
JON_GRUDEN,BYRON_STORER
JOSH_MCDANIELS,SCOTT_O'BRIEN
BOBBY_APRIL,AL_MILLER
DANNY_CROSSMAN,JEFF_DAVIDSON
DOM_CAPERS,MARK_LOVAT
DAVE_MCGINNIS,ROCK_GULLICKSON
ERIC_MANGINI,MIKE_WESTHOFF
STEVE_SPAGNUOLO,AARON_WELLMAN
GREGG_WILLIAMS,ADAM_BEARD
MALCOLM_GLAZER,RAHEEM_MORRIS
SHAHID_KHAN,MIKE_MULARKEY
BILL_O'BRIEN,TIM_KELLY
KEVIN_GILBRIDE,TOM_QUINN
BRIAN_VANGORDER,KEITH_ARMSTRONG
ANTHONY_PLEASANT,TOM_MCMAHON
LOVIE_SMITH,MIKE_MARTZ
ROMEO_CRENNEL,BRIAN_DABOLL
JAY_GRUDEN,MIKE_CLARK
MATT_NAGY,VIRGINIA_HALAS_MCCASKEY
FRANK_REICH,BUBBA_VENTRONE
DON_MARTINDALE,JUNEY_BARNETT
MIKE_CLARK,STEVE_HOFFMAN
SCOTT_O'BRIEN,HAROLD_NASH
JOHN_MORTON,JUSTUS_GALAC
CRAIG_AUKERMAN,FRANK_PIRAINO
KATHRYN_SMITH,MICHAEL_HAMLIN
RON_RIVERA,ERIC_WASHINGTON
FRANK_REICH,NICK_SIRIANNI
FREDDIE_KITCHENS,STEVE_WILKS
A_J_NEIBEL,KEITH_ARMSTRONG
JOHN_FOX,MIKE_MCCOY
BILL_BELICHICK,HAROLD_NASH
MARC_TRESTMAN,VIRGINIA_HALAS_MCCASKEY
GUS_BRADLEY,JEDD_FISCH
MIKE_VRABEL,CRAIG_AUKERMAN
BOB_BRATKOWSKI,DARRIN_SIMMONS
GREG_OLSON,BYRON_STORER
BRAD_CHILDRESS,RICK_BURKHOLDER
TOM_MCMAHON,DARREN_KREIN
JOHN_FOX,JEFF_RODGERS
DAN_QUINN,AJ_NEIBEL
DOUG_PEDERSON,FRANK_REICH
ANDY_REID,ROD_WILSON
RICHARD_SMITH,KYLE_SHANAHAN
TODD_WASH,TOM_MYSLINSKI
BRAD_ROLL,JOHN_FASSEL
BUD_ADAMS,JEFF_FISHER
MIKE_SHANAHAN,SCOTT_O’BRIEN
ANDY_REID,JIM_JOHNSON
NORV_TURNER,CLARENCE_SHELMON
PETE_CARROLL,PAUL_ALLEN
ROB_CHUDZINSKI,RAY_HORTON
DIRK_KOETTER,KEITH_ARMSTRONG
JOHN_LOTT,MIKE_MILLER
KEVIN_COYLE,DARREN_KREIN
ROD_MARINELLI,MIKE_WOICIK
PAUL_GUENTHER,A_J_NEIBEL
HUE_JACKSON,DARRIN_SIMMONS
KEN_NORTON_II,CHRIS_CARLISLE
RAY_WRIGHT,DANNY_SMITH
MATT_LAFLEUR,TOM_KANAVU
DOM_CAPERS,RON_ZOOK
JIM_CALDWELL,JOE_LOMBARDI
PERRY_FEWELL,CHASE_BLACKBURN
AL_EVEREST,MIKE_MARTZ
JIM_SCHWARTZ,JASON_ARAPOFF
SEAN_PAYTON,BRADFORD_BANTA
PETE_CARROLL,BRIAN_SCHOTTENHEIMER
GREG_KNAPP,STEVE_HOFFMAN
KEN_WHISENHUNT,KENT_JOHNSON
ROB_RYAN,DAN_DALRYMPLE
TERYL_AUSTIN,JOE_MARCIANO
DENISE_DEBARTOLO_YORK,KYLE_SHANAHAN
NORV_TURNER,RON_RIVERA
TODD_HALEY,CHARLIE_WEIS
RAHEEM_MORRIS,TODD_WASH
CHRIS_HORTON,STEVE_SAUNDERS
ZYGI_WILF,BRAD_CHILDRESS
DENISE_DEBARTOLO_YORK,CHIP_KELLY
TODD_BOWLES,MIKE_NOLAN
JOHN_FOX,LUKE_RICHESSON
KLIFF_KINGSBURY,BIDWILL_FAMILY
VIC_FANGIO,JASON_GEORGE
JEFF_FISH,MIKE_MULARKEY
JOE_JURASZEK,JOE_DECAMILLIS
TONY_SPARANO,EVAN_MARCUS
HUE_JACKSON,CHUCK_BRESNAHAN
DENNIS_ALLEN,BOBBY_APRIL
DANNY_CROSSMAN,ERIC_CIANO
LESLIE_FRAZIER,BILL_MUSGRAVE
ANDY_REID,DOUG_PEDERSON
PAT_SHURMUR,MIKE_SHULA
NATHANIEL_HACKETT,DANNY_CROSSMAN
STEVE_BISCIOTTI,JOHN_HARBAUGH
PAT_BOWLEN,JOHN_FOX
TODD_BOWLES,DARREN_KREIN
SAL_ALOSI,BRIAN_SCHOTTENHEIMER
BILL_BELICHICK,PEPPER_JOHNSON
BRIAN_VANGORDER,MIKE_MULARKEY
NATHANIEL_HACKETT,TOM_MYSLINSKI
JIM_BOB_COOTER,JOSH_SCHULER
CHIP_ROSENBLOOM,STEVE_SPAGNUOLO
GARY_KUBIAK,JOE_MARCIANO
LOVIE_SMITH,MIKE_PHAIR
MIKE_ZIMMER,NORV_TURNER
MIKE_MUNCHAK,JERRY_GRAY
CHUCK_PAGANO,GREG_MANUSKY
RON_RIVERA,JOE_KENNASSISTANT_STRENGTH
CAM_CAMERON,MARWAN_MAALOUF
MATT_BURKE,DAVE_PULOKA
KEN_ZAMPESE,CHIP_MORTON
GIFF_SMITH,BRUCE_DEHAVEN
DICK_CURL,CLARK_HUNT
JOHN_HARBAUGH,CHRIS_HEWITT
BEN_MCADOO,PATRICK_GRAHAM
MATT_PATRICIA,MOSES_CABRERA
SEAN_RYAN,CRAIG_FITZGERALD
JIM_O'NEIL,CHRIS_TABOR
GREGG_WILLIAMS,JUSTUS_GALAC
JERRY_JONES,JASON_GARRETT
JIMMY_HASLAM,ROB_CHUDZINSKI
CLARK_HUNT,ANDY_REID
TERRY_PEGULA,SEAN_MCDERMOTT
WADE_PHILLIPS,PAUL_PASQUALONI
SEAN_PAYTON,PETE_CARMICHAEL
JOE_JUDGE,MOSES_CABRERA
TOM_MCMAHON,LOREN_LANDOW
RANDY_LERNER,PAT_SHURMUR
JOHN_HARBAUGH,STEVE_BISCIOTTI
LOVIE_SMITH,VIRGINIA_HALAS_MCCASKEY
MIKE_TOMLIN,DAN_ROONEY
JIM_CALDWELL,JOHN_BONAMEGO
ANDY_REID,BRAD_CHILDRESS
DOUG_MARRONE,SHAHID_KHAN
ALEX_SPANOS,NORV_TURNER
MATT_NAGY,CHUCK_PAGANO
VIC_FANGIO,JASON_LOSCALZO
JOE_MARCIANO,CEDRIC_SMITH
TOM_MCMAHON,PAT_SHURMUR
BOARD_OF_DIRECTORS,MATT_LAFLEUR
JOHN_FOX,JERRY_SIMMONS
GARY_KUBIAK,DAN_RILEY
RICK_DENNISON,LUKE_RICHESSON
JOHN_LOTT,KEVIN_SPENCER
RICH_TUTEN,JEFF_RODGERS
MICHAEL_HAMLIN,MARK_LOECHER
DAVE_TOUB,RICK_BURKHOLDER
CLARK_HUNT,TODD_HALEY
MARK_DAVIS,JACK_DEL_RIO
CHAN_GAILEY,RALPH_WILSON
JASON_ARAPOFF,JOHN_BONAMEGO
STEVE_SPAGNUOLO,GREG_MCMAHON
ZYGI_WILF,MIKE_ZIMMER
TOM_CABLE,JOHN_MARSHALL
REX_RYAN,MARTY_MORNHINWEG
JIM_TOMSULA,DENISE_DEBARTOLO_YORK
BEN_MCADOO,TOM_QUINN
SEAN_MCDERMOTT,BRIAN_DABOLL
RICK_DENNISON,ERIC_CIANO
SCOTT_MILANOVICH,JESS_LANGVARDT
DENNIS_ALLEN,GREG_OLSON
DIRK_KOETTER,MIKE_SMITH
ZAC_TAYLOR,DARREN_KREIN
LOU_ANARUMO,JOEY_BOESE
MIKE_TOMLIN,TODD_HALEY
MARC_TRESTMAN,MIKE_CLARK
BILL_O'BRIEN,ROMEO_CRENNEL
DOUG_MARRONE,JOHN_DEFILIPPO
RICHARD_SMITH,AJ_NEIBEL
GARRETT_GIEMONT,DANNY_SMITH
GREGG_WILLIAMS,JOHN_FASSEL
JAMES_IRSAY,CHUCK_PAGANO
MIKE_MCCARTHY,BOARD_OF_DIRECTORS
MIKE_MCCARTHY,SHAWN_SLOCUM
MIKE_SHANAHAN,JIM_HASLETT
REX_RYAN,DENNIS_THURMAN
GUNTHER_CUNNINGHAM,CHAN_GAILEY
SHANE_STEICHEN,JOHN_LOTT
DARREN_KREIN,DARREN_RIZZI
GREG_MANUSKY,RICH_BISACCIA
PAT_BOWLEN,VANCE_JOSEPH
JIM_SCHWARTZ,SCOTT_LINEHAN
BILL_O'BRIEN,SCOTT_O'BRIEN
CHRIS_CARLISLE,BRIAN_SCHNEIDER
BUDDY_MORRIS,AMOS_JONES
JOE_KENN,BRUCE_DEHAVEN
KEVIN_SPENCER,MIKE_MILLER
JEFF_RODGERS,JASON_GEORGE
STEVE_HOFFMAN,STEVE_WATTERSON
RICHARD_HIGHTOWER,MARQUIS_JOHNSON
TOM_CABLE,BRAD_ROLL
GUS_BRADLEY,TODD_WASH
CHARLIE_WEIS,STEVE_HOFFMAN
KELLEN_MOORE,MIKE_WOICIK
TIM_KELLY,MIKE_EUBANKS
SAL_ALOSI,MIKE_WESTHOFF
CHIP_MORTON,DARRIN_SIMMONS
DAVID_LEE,ADAM_BEARD
KEITH_ARMSTRONG,JESSE_ACKERMAN
JEFFREY_LURIE,DOUG_PEDERSON
JASON_GARRETT,WADE_WILSON
ANTHONY_LYNN,DENNIS_THURMAN
DIRK_KOETTER,NATE_KAZCOR
JOE_CULLEN,JOHN_BONAMEGO
RICHARD_SMITH,KEITH_ARMSTRONG
ESTATE_OF_MALCOLM_GLAZER,DIRK_KOETTER
STEVE_WILKS,AL_HOLCOMB
ANTHONY_LYNN,DEAN_SPANOS
LESLIE_FRAZIER,DAVE_KENNEDY
TOM_COUGHLIN,PERRY_FEWELL
MEL_TUCKER,JOE_CULLEN
CHUCK_PAGANO,ROB_CHUDZINSKI
DIRK_KOETTER,ESTATE_OF_MALCOLM_GLAZER
MIKE_MULARKEY,NICK_EASON
BRIAN_DABOLL,DARREN_RIZZI
AARON_KROMER,MIKE_CLARK
DEAN_PEES,CHRIS_HEWITT
TONY_DUNGY,JON_TORINE
JEFF_FISHER,CHUCK_CECIL
DAN_QUINN,ARTHUR_BLANK
ANDY_REID,ERIC_BIENIEMY
BILL_MUSGRAVE,JOE_GOMES
DUANE_CARLISLE,JIMMY_RAYE
ERIC_CIANO,BRUCE_DEHAVEN
JON_GRUDEN,DWAYNE_STUKES
MIKE_SMITH,A_J_NEIBEL
RON_RIVERA,NORV_TURNER
SHAWN_SLOCUM,JOE_PHILBIN
NORV_TURNER,JEFF_HURD
JOSH_MCDANIELS,MIKE_MCCOY
TODD_HALEY,BILL_MUIR
HUE_JACKSON,BRAD_ROLL
DOUG_MARRONE,MIKE_PETTINE
ANDY_REID,DAVE_TOUB
MIKE_VRABEL,KSA_INDUSTRIES
GREG_OLSON,DWAYNE_STUKES
NATHANIEL_HACKETT,CHRIS_GIZZI
ERIC_CIANO,DANNY_CROSSMAN
NORV_TURNER,JOHN_PAGANO
MIKE_MCCOY,JOHN_PAGANO
BILL_O'BRIEN,MIKE_VRABEL
MIKE_WESTHOFF,DAN_DALRYMPLE
ALEX_SPANOS,MIKE_MCCOY
JACK_DEL_RIO,RUSS_PURNELL
DERIUS_SWINTON_II,DAVID_YOUNG
STAN_KROENKE,STEVE_SPAGNUOLO
DANIEL_SNYDER,JAY_GRUDEN
KLIFF_KINGSBURY,TOM_CLEMENTS
STEVE_SPAGNUOLO,BARRY_RUBIN
MIKE_SINGLETARY,JIMMY_RAYE
STEVE_SPAGNUOLO,TOM_MCMAHON
CHIP_KELLY,BILLY_DAVIS
MIKE_ZIMMER,DARRIN_SIMMONS
DOUG_MARRONE,NATHANIEL_HACKETT
JOE_LOMBARDI,JOE_MARCIANO
JOE_MARCIANO,KYLE_SHANAHAN
SEAN_MCDERMOTT,BOBBY_APRIL
MIKE_SHANAHAN,PAT_BOWLEN
MIKE_TOMLIN,ART_ROONEY_II
GREGG_WILLIAMS,BLAKE_WILLIAMS
ERIC_WASHINGTON,DAVE_TOUB
KRIS_KOCUREK,JOHN_BONAMEGO
DICK_CURL,MIKE_PRIEFER
WADE_PHILLIPS,WADE_WILSON
JIM_TOMSULA,ERIC_MANGINI
GREG_ROMAN,STEVE_SAUNDERS
DAN_DALRYMPLE,DOUG_MARRONE
LUKE_RICHESSON,JEFF_RODGERS
JERRY_GRAY,ALAN_LOWRY
PATRICK_GRAHAM,DAVE_PULOKA
BILL_BELICHICK,BRAD_SEELY
WADE_PHILLIPS,JOE_JURASZEK
JON_GRUDEN,PAUL_GUENTHER
BOB_SUTTON,BRIAN_SCHOTTENHEIMER
DWAYNE_STUKES,MIKE_CLARK
KEITH_ARMSTRONG,MIKE_MULARKEY
SEAN_PAYTON,STEVE_SPAGNUOLO
TOM_MYSLINSKI,JOHN_BONAMEGO
DARRIN_SIMMONS,JOEY_BOESE
JOE_DECAMILLIS,LUKE_RICHESSON
PAT_SHURMUR,MARK_WHIPPLE
SEAN_MCVAY,WADE_PHILLIPS
JAY_GRUDEN,GREG_MANUSKY
DARRELL_BEVELL,BRIAN_SCHNEIDER
ROCK_GULLICKSON,PAT_SHURMUR
MATT_LAFLEUR,TED_RATH
DENNIS_ALLEN,JEFF_RODGERS
ARTHUR_SMITH,FRANK_PIRAINO
DAN_QUINN,CHRIS_CARLISLE
STAN_KROENKE,JEFF_FISHER
GARY_KUBIAK,JOE_DECAMILLIS
RICH_TUTEN,MIKE_MCCOY
JOHN_BONAMEGO,JASON_ARAPOFF
GREGG_WILLIAMS,GREG_MCMAHON
BEN_KOTWICA,MIKE_CLARK
BILL_O'BRIEN,CRAIG_FITZGERALD
SEAN_MCDERMOTT,TERRY_PEGULA
DOUG_MARRONE,JOE_DECAMILLIS
SEAN_MCVAY,MATT_LAFLEUR
ANTHONY_LYNN,KEITH_BURNS
BRUCE_ARIANS,ESTATE_OF_MALCOLM_GLAZER
RICH_TUTEN,RICK_DENNISON
ROCK_GULLICKSON,TOM_MCMAHON
TONY_SPARANO,STEPHEN_ROSS
RAHEEM_MORRIS,KURT_SHULTZ
GARY_KUBIAK,CEDRIC_SMITH
GARY_KUBIAK,THE_PAT_BOWLEN_TRUST
JOE_PHILBIN,LOU_ANARUMO
RAY_WRIGHT,JOE_MARCIANO
JOHN_MARA,PAT_SHURMUR
MIKE_MCCARTHY,DAVE_REDDING
PETE_CARROLL,JEREMY_BATES
LOVIE_SMITH,LESLIE_FRAZIER
JIM_IRSAY,CHUCK_PAGANO
JEFF_FISHER,ROCK_GULLICKSON
JOHN_HARBAUGH,MARTY_MORNHINWEG
MARTY_MORNHINWEG,VACANT
CHRIS_TABOR,JASON_LOSCALZO
TONY_DUNGY,JIM_IRSAY
LOVIE_SMITH,RUSTY_JONES
SEAN_PAYTON,GREGG_WILLIAMS
PAT_SHURMUR,KENT_JOHNSTON
GREG_SCHIANO,MALCOLM_GLAZER
RON_RIVERA,MIKE_SHULA
AL_SAUNDERS,JOHN_FASSEL
TOM_CLEMENTS,SHAWN_SLOCUM
KYLE_SHANAHAN,KEITH_BURNS
TOM_COUGHLIN,JERRY_PALMIERI
CHIP_KELLY,JOSH_HINGST
JEFF_FISHER,JOHN_FASSEL
CRAIG_AUKERMAN,TOM_KANAVU
REX_RYAN,TONY_SPARANO
JEFF_FISHER,BRIAN_SCHOTTENHEIMER
SEAN_PAYTON,MIKE_WESTHOFF
JOE_WOODS,LOREN_LANDOW
MIKE_MCCOY,LUKE_RICHESSON
KEN_FLAJOLE,TOM_MCMAHON
GREG_MANUSKY,MARWAN_MAALOUF
MEL_TUCKER,WAYNE_WEAVER
BRUCE_ARIANS,BYRON_LEFTWICH
GREG_MANUSKY,JIMMY_RAYE
RICK_DENNISON,JOE_MARCIANO
HUE_JACKSON,KIRBY_WILSON
PETE_CARROLL,KEN_NORTON_II
MIKE_VRABEL,CRAIG_FITZGERALD
MARK_UYEYAMA,BRAD_SEELY
SHAWN_SLOCUM,MARK_LOVAT
PAUL_FERRARO,DARRELL_BEVELL
DAVE_TOUB,RON_TURNER
PEPPER_JOHNSON,SCOTT_O'BRIEN
CURTIS_MODKINS,DAVID_YOUNG
RANDY_LERNER,ERIC_MANGINI
ARTHUR_M_BLANK,DAN_QUINN
MARTHA_FIRESTONE_FORD,MATT_PATRICIA
JAY_GRUDEN,DANIEL_SNYDER
DAN_QUINN,KEITH_ARMSTRONG
SEAN_MCVAY,JOHN_FASSEL
SEAN_PAYTON,DARREN_RIZZI
BOB_BRATKOWSKI,JOHN_BONAMEGO
CHRIS_TABOR,ADAM_BEARD
BROCK_OLIVO,LUKE_RICHESSON
BILL_BIDWILL,BRUCE_ARIANS
JEFFREY_LURIE,CHIP_KELLY
CHUCK_PAGANO,ROGER_MARANDINO
NORV_TURNER,HAL_HUNTER
JACK_DEL_RIO,KEN_NORTON_II
BYRON_LEFTWICH,ANTHONY_PIROLI
KEN_WHISENHUNT,KENT_JOHNSTON
DICK_LEBEAU,AMOS_JONES
GREG_MANUSKY,ROGER_MARANDINO
MIKE_TOMLIN,BOB_LIGASHESKY
ERIC_MANGINI,BRIAN_DABOLL
KYLE_SHANAHAN,RICHARD_HIGHTOWER
RON_RIVERA,DAVID_TEPPER
GARY_GIBBS,DOUG_MARRONE
AL_HOLCOMB,BUDDY_MORRIS
DAN_RILEY,KYLE_SHANAHAN
TODD_WASH,BYRON_STORER
CHUCK_CECIL,ALAN_LOWRY
PAUL_GUENTHER,DARRIN_SIMMONS
BRAD_SEELY,JOE_GOMES
ANDY_REID,RICK_BURKHOLDER
MIKE_MUNCHAK,CHRIS_PALMER
DEAN_PEES,TOM_KANAVU
MEL_TUCKER,MIKE_CLARK
MIKE_TOMLIN,DICK_LEBEAU
PAT_SHURMUR,SHAUN_HULS
VANCE_JOSEPH,DAVE_PULOKA
HEATH_FARWELL,ERIC_CIANO
WAYNE_WEAVER,JACK_DEL_RIO
MIKE_SINGLETARY,GREG_MANUSKY
JIM_CALDWELL,MIKE_MURPHY
MIKE_MUNCHAK,BUD_ADAMS
TODD_BOWLES,KACY_RODGERS
CHUCK_PAGANO,TED_MONACHINO
NORV_TURNER,ERIC_SUGARMAN
TODD_MONKEN,LARRY_JACKSON
JOHN_FOX,DANNY_CROSSMAN
RAHEEM_MORRIS,MALCOLM_GLAZER
JASON_GARRETT,ROB_RYAN
JOE_PHILBIN,JIM_HOSTLER
ROB_CHUDZINSKI,BRIAN_MURPHY
JOSH_MCDANIELS,TOM_MCMAHON
BLAKE_WILLIAMS,LARRY_JACKSON
MIKE_MORRIS,BILL_MUIR
MIKE_PRIEFER,CHAN_GAILEY
DEAN_PEES,SCOTT_O'BRIEN
GARY_KUBIAK,FRANK_BUSH
MIKE_TOMLIN,BRUCE_ARIANS
MIKE_MULARKEY,KSA_INDUSTRIES
GREG_ROMAN,BRAD_SEELY
MIKE_SULLIVAN,DAVE_WANNSTEDT
MIKE_SHULA,JOE_KENN
ROGER_MARANDINO,TOM_MCMAHON
GUS_BRADLEY,BRIAN_SCHNEIDER
GARY_KUBIAK,RICHARD_SMITH
TOM_COUGHLIN,BILL_SHERIDAN
MIKE_SMITH,MIKE_MULARKEY
JASON_GARRETT,JERRY_JONES
BRUCE_ARIANS,AMOS_JONES
MIKE_PETTINE,PAUL_RICCI
PERRY_FEWELL,SCOTT_TURNER
TODD_HALEY,GARRETT_GIEMONT
PAUL_GUENTHER,VACANT
MIKE_MCDANIEL,RAY_WRIGHT
JACK_DEL_RIO,TODD_DOWNING
DOUG_PEDERSON,BARRY_RUBIN
MIKE_SULLIVAN,AARON_WELLMAN
GUS_BRADLEY,TOM_MYSLINSKI
MIKE_VRABEL,MATT_LAFLEUR
VIC_FANGIO,TOM_MCMAHON
WADE_PHILLIPS,CEDRIC_SMITH
TODD_BOWLES,BUDDY_MORRIS
KEITH_BUTLER,GARRETT_GIEMONT
THE_PAT_BOWLEN_TRUST,JOHN_FOX
DAVID_JENKINS,FREDDIE_KITCHENS
REX_RYAN,BRIAN_SCHOTTENHEIMER
RON_RIVERA,SEAN_MCDERMOTT
SEAN_PAYTON,ROB_RYAN
MIKE_MCCOY,KEVIN_SPENCER
KYLE_SHANAHAN,DENISE_DEBARTOLO_YORK
RON_RIVERA,STEVE_CROSBY
JACK_DEL_RIO,JEFF_RODGERS
JOE_BARRY,BEN_KOTWICA
MARWAN_MAALOUF,DAVE_PULOKA
JEFF_FISHER,MIKE_HEIMERDINGER
ANTHONY_LYNN,ALEX_SPANOS
ZAC_TAYLOR,DARRIN_SIMMONS
DIRK_KOETTER,RUSS_PURNELL
PAUL_PASQUALONI,JOHN_BONAMEGO
VIRGINIA_HALAS_MCCASKEY,JOHN_FOX
GARY_KUBIAK,BOB_MCNAIR
BRUCE_ARIANS,BILL_BIDWILL
GUS_BRADLEY,BOB_BABICH
MIKE_MCCOY,KEN_WHISENHUNT
CHIP_KELLY,DENISE_DEBARTOLO_YORK
MIKE_VRABEL,ARTHUR_SMITH
SCOTT_LINEHAN,JOHN_BONAMEGO
GEORGE_EDWARDS,ERIC_SUGARMAN
ESTATE_OF_PAUL_ALLEN,PETE_CARROLL
JAY_GRUDEN,CHIP_MORTON
MIKE_MURPHY,RAY_RYCHLESKI
DARRIN_SIMMONS,CHIP_MORTON
MIKE_MCCARTHY,JOE_PHILBIN
GUS_BRADLEY,MIKE_MALLORY
HUE_JACKSON,GREGG_WILLIAMS
RAY_HORTON,KEVIN_SPENCER
BRUCE_DEHAVEN,JOE_KENN
PAT_BOWLEN,JOSH_MCDANIELS
THE_PAT_BOWLEN_TRUST,VANCE_JOSEPH
DICK_CURL,GUNTHER_CUNNINGHAM
PETE_CARROLL,CHRIS_CARLISLE
HUE_JACKSON,RAY_HORTON
MARK_DUFFNER,DAVE_KENNEDY
LUKE_RICHESSON,DIRK_KOETTER
KEN_ZAMPESE,LARRY_JACKSON
STEVE_CROSBY,CLARENCE_SHELMON
VIC_FANGIO,BRAD_SEELY
STEVE_SPAGNUOLO,CHIP_ROSENBLOOM
RAHEEM_MORRIS,GRADY_STRETZ
MATT_PATRICIA,VACANT
JOHN_PAGANO,KENT_JOHNSON
ERIC_MANGINI,WOODY_JOHNSON
PAT_SHURMUR,JOHN_MARA
CEDRIC_SMITH,CHAN_GAILEY
ERIC_BIENIEMY,BARRY_RUBIN
MIKE_WOICIK,JOSH_MCDANIELS
SEAN_MCDERMOTT,BRIAN_MURPHY
RICHARD_HIGHTOWER,DUSTIN_PERRY
THE_PAT_BOWLEN_TRUST,GARY_KUBIAK
JIM_CALDWELL,MARTHA_FIRESTONE_FORD
JACK_DEL_RIO,BRAD_SEELY
CHIP_KELLY,CURTIS_MODKINS
KURT_SHULTZ,BYRON_STORER
ARTHUR_BLANK,DAN_QUINN
RON_MEEKS,TOM_MOORE
BILLY_DAVIS,MIKE_MILLER
SEAN_MCVAY,BEN_KOTWICA
DOM_CAPERS,SHAWN_SLOCUM
JIM_HASLETT,DANNY_SMITH
MARTHA_FIRESTONE_FORD,JIM_CALDWELL
JOE_PHILBIN,BILL_LAZOR
DARREN_RIZZI,DAN_DALRYMPLE
JASON_TARVER,STEVE_HOFFMAN
DENNIS_THURMAN,THOMAS_MCGAUGHEY
SHAHID_KHAN,GUS_BRADLEY
JIM_CALDWELL,TERYL_AUSTIN
MATT_PATRICIA,PAUL_PASQUALONI
TODD_HALEY,AMOS_JONES
CLARK_HUNT,DICK_CURL
BRAD_CHILDRESS,CHRIS_TABOR
RAY_HORTON,ADAM_BEARD
KIRBY_WILSON,ADAM_BEARD
GREGG_WILLIAMS,ROCK_GULLICKSON
ZAC_TAYLOR,LOU_ANARUMO
CEDRIC_SMITH,DEDRIC_WARD
DENNIS_ALLEN,DAN_DALRYMPLE
MIKE_MCCARTHY,ROCK_GULLICKSON
JASON_GARRETT,SCOTT_LINEHAN
CHAN_GAILEY,JUSTUS_GALAC
GREG_OLSON,VACANT
CHASE_BLACKBURN,JOE_KENN
MATT_EBERFLUS,RUSTY_JONES
BRIAN_SCHNEIDER,IVAN_LEWIS
DENISE_DEBARTOLO_YORK,JIM_TOMSULA
DIRK_KOETTER,TODD_MONKEN
ADAM_GASE,DOWELL_LOGGAINS
BRUCE_ARIANS,KEITH_ARMSTRONG
PAT_SHURMUR,TOM_MCMAHON
MARK,HUE_JACKSON
JOHN_HARBAUGH,CHUCK_PAGANO
SEAN_MCDERMOTT,RICK_DENNISON
BRIAN_FLORES,STEPHEN_ROSS
RON_RIVERA,CLARENCE_SHELMON
DARREN_RIZZI,DARREN_KREIN
KEITH_ARMSTRONG,ANTHONY_PIROLI
GREGG_WILLIAMS,JIMMY
VANCE_JOSEPH,PAT_BOWLEN
GREG_MANUSKY,MIKE_MARTZ
JOE_KENN,BRIAN_MURPHY
DARRELL_BEVELL,CHRIS_CARLISLE
STEPHEN_ROSS,TODD_BOWLES
LOVIE_SMITH,DAVE_TOUB
TODD_HALEY,CLANCY_PENDERGAST
TODD_HALEY,CEDRIC_SMITH
LOVIE_SMITH,ERIC_WASHINGTON
TODD_BOWLES,STEPHEN_ROSS
STEVE_SPAGNUOLO,STAN_KROENKE
MIKE_NOLAN,MIKE_MCCOY
DAN_DALRYMPLE,GREG_MCMAHON
ROB_RYAN,JOE_DECAMILLIS
MIKE_SHANAHAN,BOB_SLOWIK
MIKE_ZIMMER,ERIC_SUGARMAN
DAN_QUINN,MARQUAND_MANUEL
RON_MEEKS,JEFF_DAVIDSON
RAY_HORTON,BRAD_ROLL
JIM_IRSAY,TONY_DUNGY
WOODY_JOHNSON,TODD_BOWLES
GREG_SCHIANO,BILL_SHERIDAN
ANDY_REID,CLARK_HUNT
JACK_DEL_RIO,BILL_MUSGRAVE
RICH_TUTEN,MIKE_PRIEFER
JIM_O'NEIL,PAUL_RICCI
RICHARD_HIGHTOWER,RAY_WRIGHT
PAUL_PASQUALONI,HAROLD_NASH
BIDWILL_FAMILY,KLIFF_KINGSBURY
JIM_CALDWELL,JOE_MARCIANO
PAUL_RICCI,CHRIS_TABOR
JIM_IRSAY,FRANK_REICH
JIM_MORA,BRUCE_DEHAVEN
JASON_GARRETT,MIKE_WOICIK
NORV_TURNER,GREG_MANUSKY
GEORGE_GODSEY,BOB_LIGASHESKY
BRIAN_CALLAHAN,JOEY_BOESE
JASON_ARAPOFF,JOE_MARCIANO
JOSH_MCDANIELS,RICH_TUTEN
ANDY_REID,JUAN_CASTILLO
JIM_HARBAUGH,VIC_FANGIO
MIKE_PETTINE,JIMMY_HASLAM
CRAIG_FITZGERALD,BOB_LIGASHESKY
JIM_O'NEIL,DAVID_YOUNG
ERIC_MANGINI,TOM_MYSLINSKI
JOHN_FOX,VIRGINIA_HALAS_MCCASKEY
ANDY_REID,STEVE_SPAGNUOLO
JEFF_HURD,RICH_BISACCIA
JIMMY_HASLAM,MIKE_PETTINE
KSA_INDUSTRIES,MIKE_VRABEL
MIKE_SHANAHAN,KYLE_SHANAHAN
CHIP_KELLY,JEFFREY_LURIE
BEN_MCADOO,MIKE_SULLIVAN
MIKE_MCCOY,MIKE_PRIEFER
AMOS_JONES,BUDDY_MORRIS
WAYNE_WEAVER,MEL_TUCKER
JACK_DEL_RIO,WAYNE_WEAVER
BRUCE_ARIANS,BUDDY_MORRIS
CHIP_KELLY,JIM_O'NEIL
MIKE_ZIMMER,KEVIN_STEFANSKI
BOB_SLOWIK,RICK_DENNISON
BOB_BABICH,RON_TURNER
MIKE_STOCK,JOE_PHILBIN
MIKE_PETTINE,ERIC_CIANO
KEITH_O'QUINN,MIKE_WOICIK
DAN_ROONEY,MIKE_TOMLIN
DICK_CURL,CEDRIC_SMITH
JOHN_FOX,PAT_BOWLEN
GARY_KUBIAK,WADE_PHILLIPS
BRIAN_DABOLL,ERIC_CIANO
WADE_PHILLIPS,LUKE_RICHESSON
JOE_MARCIANO,HAROLD_NASH
JOE_PHILBIN,KEVIN_COYLE
DOUG_PEDERSON,DAVE_FIPP
MONTE_KIFFIN,MIKE_WOICIK
BRAD_CHILDRESS,DARRELL_BEVELL
JEFF_TEDFORD,DAVE_KENNEDY
TERYL_AUSTIN,JOSH_SCHULER
STEVE_WILKS,LARRY_JACKSON
MARVIN_LEWIS,BOB_BRATKOWSKI
HUE_JACKSON,MARK
BUBBA_VENTRONE,RUSTY_JONES
JEDD_FISCH,TED_RATH
BILLY_DAVIS,DAVE_FIPP
WADE_PHILLIPS,JERRY_JONES
DENNIS_ALLEN,AL_MILLER
MONTE_KIFFIN,BILL_MUIR
RICK_BURKHOLDER,BOBBY_APRIL
DAVE_FIPP,SHAUN_HULS
MIKE_PRIEFER,MIKE_MCCOY
RUSS_PURNELL,DIRK_KOETTER
HUE_JACKSON,JIMMY
DUANE_CARLISLE,KURT_SCHOTTENHEIMER
TED_DAISHER,JAMES_URBAN
GREG_MCMAHON,DAN_DALRYMPLE
VIRGINIA_HALAS_MCCASKEY,MARC_TRESTMAN
ROD_MARINELLI,JOE_BARRY
BILL_BELICHICK,SCOTT_O'BRIEN
JON_GRUDEN,MARK_DAVIS
JOSH_MCDANIELS,HAROLD_NASH
NICK_EASON,STEVE_WATTERSON
ROBERT_SALEH,MARQUIS_JOHNSON
NATE_KACZOR,CHAD_ENGLEHART
STAN_KWAN,JIM_COLLETTO
MIKE_NOLAN,AJ_NEIBEL
VANCE_JOSEPH,BUDDY_MORRIS
TODD_BOWLES,ANTHONY_PIROLI
SHAHID_KHAN,DOUG_MARRONE
MIKE_MCCARTHY,BOB_SANDERS
TODD_HALEY,ROMEO_CRENNEL
JOE_PHILBIN,STEPHEN_ROSS
MARC_TRESTMAN,MEL_TUCKER
MIKE_TOMLIN,DANNY_SMITH
MATT_PATRICIA,DARRELL_BEVELL
KRIS_KOCUREK,DANNY_CROSSMAN
WILLIAM_CLAY_FORD,JIM_SCHWARTZ
SEAN_PAYTON,TOM_BENSON
JON_GRUDEN,MIKE_MORRIS
JACK_DEL_RIO,DIRK_KOETTER
MIKE_MULARKEY,SHAHID_KHAN
RON_RIVERA,STEVE_WILKS
DAN_QUINN,DIRK_KOETTER
JOHN_FOX,ADAM_GASE
BILL_O'BRIEN,LARRY_IZZO
DEAN_PEES,JUNEY_BARNETT
KARL_DUNBAR,BRIAN_MURPHY
BRET_BIELEMA,MOSES_CABRERA
TOM_COUGHLIN,JOHN_MARA
MIKE_MCCARTHY,MARK_LOVAT
MIKE_SHANAHAN,RAY_WRIGHT
ROB_CHUDZINSKI,JIMMY_HASLAM
GUS_BRADLEY,GREG_OLSON
PERRY_FEWELL,DAVID_TEPPER
JIMMY_RAYE,KURT_SCHOTTENHEIMER
KYLE_SHANAHAN,CHRIS_TABOR
JOE_LOMBARDI,JASON_ARAPOFF
KEN_NORTON_II,IVAN_LEWIS
PAUL_GUENTHER,CHIP_MORTON
AMOS_JONES,LARRY_JACKSON
ROD_WILSON,BARRY_RUBIN
BOB_MCNAIR,GARY_KUBIAK
ROD_MARINELLI,WILLIAM_CLAY_FORD
MIKE_PETTINE,KYLE_SHANAHAN
LOVIE_SMITH,ESTATE_OF_MALCOLM_GLAZER
FREDDIE_KITCHENS,DAVID_JENKINS
KURT_SHULTZ,DWAYNE_STUKES
STAN_KWAN,SCOTT_LINEHAN
MATT_PATRICIA,SCOTT_O'BRIEN
MIKE_SMITH,KEITH_ARMSTRONG
MIKE_MCCARTHY,MIKE_STOCK
MIKE_MUNCHAK,ESTATE_OF_BUD_ADAMS
ANTHONY_LYNN,GUS_BRADLEY
MARVIN_LEWIS,BILL_LAZOR
JOHN_HARBAUGH,GREG_ROMAN
BILL_CALLAHAN,MIKE_WOICIK
CHRIS_TABOR,PAUL_RICCI
TODD_WASH,JESS_LANGVARDT
PAT_BOWLEN,MIKE_SHANAHAN
ANDY_REID,RORY_SEGREST
LOVIE_SMITH,BOB_BABICH
PAT_SHURMUR,JIMMY_HASLAM
MIKE_MCCARTHY,TOM_CLEMENTS
GREG_SCHIANO,MIKE_SULLIVAN
CHUCK_PAGANO,JIM_IRSAY
CHIP_KELLY,DERIUS_SWINTON_II
MIKE_ZIMMER,MARWAN_MAALOUF
ANDY_REID,TED_DAISHER
RICH_SCANGARELLO,LOREN_LANDOW
JOE_JUDGE,HAROLD_NASH
JOHN_PAGANO,RICH_BISACCIA
BILL_SHERIDAN,DAVE_WANNSTEDT
KEN_WHISENHUNT,RAY_HORTON
MIKE_SMITH,DIRK_KOETTER
JAY_GRUDEN,SEAN_MCVAY
TODD_BOWLES,JOHN_MORTON
MIKE_SMITH,DAVE_KENNEDY
MIKE_SHANAHAN,DANIEL_SNYDER
RON_RIVERA,BRUCE_DEHAVEN
ROCK_GULLICKSON,JOE_PHILBIN
ROGER_MARANDINO,MARWAN_MAALOUF
BILL_LAZOR,CHIP_MORTON
WOODY_JOHNSON,ERIC_MANGINI
KEN_WHISENHUNT,BILLY_DAVIS
JOE_WOODS,LUKE_RICHESSON
JIM_SCHWARTZ,WILLIAM_CLAY_FORD
SEAN_MCDERMOTT,HEATH_FARWELL
JEFF_FISHER,BUD_ADAMS
MIKE_TOMLIN,KEITH_BUTLER
VIC_FANGIO,MARK_UYEYAMA
BYRON_STORER,VACANT
BOB_MCNAIR,BILL_O'BRIEN
DOUG_PEDERSON,RICK_BURKHOLDER
MARTY_MORNHINWEG,JUSTUS_GALAC
STEVE_SARKISIAN,JESSE_ACKERMAN
TOM_QUINN,KEVIN_GILBRIDE
PETE_CARROLL,BRIAN_SCHNEIDER
BOB_SANDERS,JOE_PHILBIN
BILL_MUSGRAVE,MIKE_PRIEFER
ANTHONY_WEAVER,LUKE_RICHESSON
ERIC_SUGARMAN,DARRELL_BEVELL
JEFF_RODGERS,LUKE_RICHESSON
STEVE_SARKISIAN,AJ_NEIBEL
RUSS_PURNELL,TOM_MOORE
BRAD_CHILDRESS,LESLIE_FRAZIER
RON_RIVERA,JERRY_RICHARDSON
BILL_CALLAHAN,NATE_KACZOR
SCOTT_LINEHAN,DANNY_CROSSMAN
ERIC_SUGARMAN,MIKE_PRIEFER
KEITH_BURNS,JOHN_LOTT
WOODY_JOHNSON,ADAM_GASE
ROMEO_CRENNEL,ANTHONY_PLEASANT
PETE_CARROLL,DAN_QUINN
MIKE_MCCOY,FRANK_REICH
MIKE_MCCARTHY,RON_ZOOK
JEFF_FISHER,DAVE_MCGINNIS
SCOTT_LINEHAN,MIKE_WOICIK
ZAC_TAYLOR,BRIAN_CALLAHAN
DICK_LEBEAU,BRUCE_ARIANS
RICK_BURKHOLDER,PAT_SHURMUR
MALCOLM_GLAZER,GREG_SCHIANO
TONY_SPARANO,PAUL_PASQUALONI
BILL_O'BRIEN,GEORGE_GODSEY
ALAN_WILLIAMS,MIKE_PRIEFER
JOHN_FOX,JEFF_DAVIDSON
MIKE_MULARKEY,JOE_CULLEN
BILL_BELICHICK,JOE_JUDGE
BILL_O'BRIEN,BRAD_SEELY
RAYMOND_VENTRONE,RUSTY_JONES
REX_RYAN,WOODY_JOHNSON
SEAN_MCVAY,AARON_KROMER
DAVE_TOUB,BARRY_RUBIN
ROB_RYAN,TRACY_SMITH
RON_RIVERA,ROB_CHUDZINSKI
DENNIS_ALLEN,GREG_KNAPP
MIKE_MULARKEY,STEVE_HOFFMAN
JASON_GARRETT,KEITH_O'QUINN
JON_GRUDEN,GREG_OLSON
DAN_HENNING,JOHN_BONAMEGO
DOUG_PEDERSON,DAVE_TOUB
GEEP_CHRYST,THOMAS_MCGAUGHEY
ROMEO_CRENNEL,BOB_LIGASHESKY
PAUL_G_ALLEN_TRUST,PETE_CARROLL
ROD_MARINELLI,JASON_ARAPOFF
HUE_JACKSON,CHRIS_TABOR
JEDD_FISCH,TOM_MYSLINSKI
MIKE_SHULA,AARON_WELLMAN
BRAD_CHILDRESS,ERIC_SUGARMAN
MARVIN_LEWIS,CHIP_MORTON
JIM_CALDWELL,JIM_BOB_COOTER
DOUG_MARRONE,TODD_WASH
KENT_JOHNSTON,TRACY_SMITH
DOUG_MARRONE,SCOTT_MILANOVICH
FREDDIE_KITCHENS,MIKE_PRIEFER
ROBERT_SALEH,RAY_WRIGHT
BRANT_BOYER,JUSTUS_GALAC
MIKE_SMITH,JEFF_FISH
JIM_MORA,MIKE_CLARK
CHAN_GAILEY,GIFF_SMITH
ROBERT_SALEH,DUSTIN_PERRY
STEPHEN_ROSS,BRIAN_FLORES
PETE_CARROLL,GUS_BRADLEY
JEFF_FISHER,GREGG_WILLIAMS
JAY_GRUDEN,MATT_CAVANAUGH
PAT_SHURMUR,JAMES_BETTCHER
RICHARD_RODGERS,JOE_KENN
ART_ROONEY_II,MIKE_TOMLIN
ANTHONY_LYNN,DANNY_CROSSMAN
JOHN_DEFILIPPO,PAUL_RICCI
DWAYNE_STUKES,BILL_MUIR
BRIAN_MURPHY,DARRELL_BEVELL
BOB_SUTTON,RICK_BURKHOLDER
TONY_DUNGY,RON_MEEKS
BILL_BELICHICK,DEAN_PEES
MARVIN_LEWIS,MIKE_BROWN
GREG_MATTISON,MARWAN_MAALOUF
ROMEO_CRENNEL,STEVE_HOFFMAN
JIM_HARBAUGH,MARK_UYEYAMA
MARC_TRESTMAN,DWAYNE_STUKES
DIRK_KOETTER,MARK_DUFFNER
MIKE_VRABEL,DEAN_PEES
ADAM_GASE,WOODY_JOHNSON
PEP_HAMILTON,ROGER_MARANDINO
STEVE_WILKS,JOE_KENN
BOB_LIGASHESKY,CRAIG_FITZGERALD
MIKE_NOLAN,DARREN_RIZZI
TODD_HALEY,MIKE_CLARK
MIKE_MCCARTHY,EDGAR_BENNETT
DAN_QUINN,ARTHUR_M_BLANK
GUS_BRADLEY,NATHANIEL_HACKETT
JERRY_GRAY,STEVE_WATTERSON
VACANT,HAROLD_NASH
GEORGE_EDWARDS,MARK_UYEYAMA
CLARK_HUNT,ROMEO_CRENNEL
ROB_CHUDZINSKI,CHRIS_TABOR
MIKE_MILLER,KEVIN_SPENCER
PAUL_PASQUALONI,JOE_DECAMILLIS
CHAN_GAILEY,ERIC_CIANO
MARVIN_LEWIS,DARRIN_SIMMONS
HUE_JACKSON,DAVID_LEE
MATT_LAFLEUR,NATHANIEL_HACKETT
BRAD_SEELY,MARK_UYEYAMA
DEAN_PEES,VACANT
JAY_BUTLER,DAVE_WANNSTEDT
PAT_SHURMUR,ERIC_SUGARMAN
NORV_TURNER,JOE_KENN
JAMES_BETTCHER,AMOS_JONES
EVAN_MARCUS,DARREN_RIZZI
BRIAN_SCHOTTENHEIMER,CHRIS_CARLISLE
GREG_MCMAHON,PETE_CARMICHAEL
ERIC_MANGINI,SAL_ALOSI
JAMES_BETTCHER,BUDDY_MORRIS
WADE_PHILLIPS,JOE_MARCIANO
ESTATE_OF_PAT_BOWLEN,VIC_FANGIO
GREG_SCHIANO,JAY_BUTLER
JASON_GARRETT,ROD_MARINELLI
BRIAN_SCHOTTENHEIMER,JOHN_FASSEL
NATHANIEL_HACKETT,ERIC_CIANO
BRAD_CHILDRESS,BRIAN_MURPHY
JUSTUS_GALAC,THOMAS_MCGAUGHEY
TODD_DOWNING,JOE_GOMES
SHAWN_MENNENGA,CHRIS_GIZZI
DICK_LEBEAU,AL_EVEREST
MARK_DAVIS,DENNIS_ALLEN
JIM_CALDWELL,JAMES_IRSAY
MIKE_SHERMAN,DARREN_KREIN
ROD_MARINELLI,RICH_BISACCIA
MARQUICE_WILLIAMS,JOHN_LOTT
MIKE_GROH,JOSH_HINGST
DAVID_TEPPER,PERRY_FEWELL
PETE_CARROLL,DARRELL_BEVELL
RON_RIVERA,RICHARD_RODGERS
TODD_BOWLES,WOODY_JOHNSON
JEFF_HURD,CLARENCE_SHELMON
ANDY_REID,JEFFREY_LURIE
DOUG_MARRONE,RALPH_WILSON
ADAM_GASE,CLYDE_CHRISTENSEN
DAN_QUINN,STEVE_SARKISIAN
JEFF_HURD,STEVE_CROSBY
DICK_JAURON,CHRIS_TABOR
CHUCK_PAGANO,JAMES_IRSAY
SEAN_PAYTON,DENNIS_ALLEN
JOHN_FASSEL,ROCK_GULLICKSON
BOARD_OF_DIRECTORS,JOE_PHILBIN
BRUCE_ARIANS,HAROLD_GOODWIN
HAROLD_GOODWIN,BUDDY_MORRIS
WILLIAM_CLAY_FORD,ROD_MARINELLI
DEAN_SPANOS,ANTHONY_LYNN
JOE_PHILBIN,MIKE_SHERMAN
JIM_HARBAUGH,BRAD_SEELY
JACK_DEL_RIO,MARK_DAVIS
BRUCE_ARIANS,AL_EVEREST
MIKE_MCDANIEL,DUSTIN_PERRY
DAN_QUINN,BRIAN_SCHNEIDER
VANCE_JOSEPH,MIKE_MCCOY
BILL_O'BRIEN,SEAN_RYAN
DOUG_PEDERSON,MIKE_GROH
KEN_FLAJOLE,PAT_SHURMUR
GREG_OLSON,BOBBY_APRIL
GREG_OLSON,TOM_MYSLINSKI
BOARD_OF_DIRECTORS,MIKE_MCCARTHY
REX_RYAN,SAL_ALOSI
GARY_KUBIAK,RICK_DENNISON
MIKE_MCCOY,CRAIG_AUKERMAN
MIKE_NOLAN,AL_EVEREST
MATT_NAGY,MARK_HELFRICH
LESLIE_FRAZIER,DARRELL_BEVELL
FRANK_BUSH,KYLE_SHANAHAN
PATRICK_GRAHAM,AARON_WELLMAN
JEFF_FISH,KEITH_ARMSTRONG
JOE_PHILBIN,RON_ZOOK
SEAN_MCDERMOTT,JAMES_URBAN
JOE_PHILBIN,SHAWN_SLOCUM
JUAN_CASTILLO,BOBBY_APRIL
JOE_DECAMILLIS,JESS_LANGVARDT
BOB_KARMELOWICZ,SCOTT_LINEHAN
BRIAN_DABOLL,TOM_MCMAHON
GREG_ROMAN,MARK_UYEYAMA
JEREMY_BATES,JUSTUS_GALAC
MIKE_PETTINE,MIKE_WESTHOFF
ANTHONY_WEAVER,MIKE_EUBANKS
TERRY_PEGULA,ANTHONY_LYNN
BILL_BELICHICK,ROBERT_KRAFT
CHIP_KELLY,DAVE_FIPP
STEVE_WILKS,JEFF_RODGERS
JOHN_GRIECO,BOBBY_APRIL
KEN_WHISENHUNT,JOHN_LOTT
MIKE_MULARKEY,TERRY_ROBISKIE
MIKE_SHULA,BRUCE_DEHAVEN
MARK_DAVIS,JON_GRUDEN
KEN_WHISENHUNT,KEVIN_SPENCER
TOM_QUINN,AARON_WELLMAN
MIKE_SHANAHAN,RICH_TUTEN
JERRY_SIMMONS,JEFF_RODGERS
RON_MEEKS,JEFF_RODGERS
LARRY_COYER,RAY_RYCHLESKI
KEN_WHISENHUNT,BILL_BIDWILL
JIM_MORA,GUS_BRADLEY
GREGG_WILLIAMS,KEN_ZAMPESE
MIKE_MARTZ,DAVE_TOUB
TODD_HALEY,DANNY_SMITH
MARK_LOVAT,RON_ZOOK
SCOTT_O’BRIEN,RICK_DENNISON
KEN_NORTON_II,JOE_GOMES
ERIC_MANGINI,RANDY_LERNER
ERIC_MANGINI,ROB_RYAN
MEL_TUCKER,DIRK_KOETTER
MIKE_ZIMMER,MIKE_PRIEFER
JAY_GRUDEN,RANDY_JORDAN
DAN_DALRYMPLE,PETE_CARMICHAEL
RON_RIVERA,JOE_KENN
JIM_TOMSULA,DAVID_YOUNG
JOSH_MCDANIELS,MOSES_CABRERA
NATE_KACZOR,STEVE_WATTERSON
MATT_NAGY,RICK_BURKHOLDER
VIRGINIA_HALAS_MCCASKEY,LOVIE_SMITH
GARY_KUBIAK,RAY_WRIGHT
TONY_SPARANO,DAN_HENNING
MIKE_SINGLETARY,AL_EVEREST
JIM_CALDWELL,JON_TORINE
JOHN_FOX,DOWELL_LOGGAINS
HAROLD_GOODWIN,AMOS_JONES
DIRK_KOETTER,JESSE_ACKERMAN
BEN_KOTWICA,JUSTUS_GALAC
JIMMY_HASLAM,PAT_SHURMUR
JOHN_FOX,JERRY_RICHARDSON
ANDY_REID,SEAN_MCDERMOTT
HUE_JACKSON,JOHN_FASSEL
GREG_OLSON,A_J_NEIBEL
TOM_MYSLINSKI,MIKE_MALLORY
MIKE_PETTINE,JOHN_DEFILIPPO
JACOB_BURNEY,CHIP_MORTON
MIKE_PRIEFER,ERIC_SUGARMAN
JERRY_JONES,WADE_PHILLIPS
VANCE_JOSEPH,JOE_WOODS
SEAN_MCVAY,JEDD_FISCH
TOM_CLEMENTS,BUDDY_MORRIS
DOWELL_LOGGAINS,JUSTUS_GALAC
PERRY_FEWELL,TOM_QUINN
JIM_HASLETT,RAY_WRIGHT
MIKE_TOMLIN,GARRETT_GIEMONT
PAT_SHURMUR,BRAD_CHILDRESS
ROMEO_CRENNEL,MIKE_CLARK
DOUG_PEDERSON,JEFFREY_LURIE
SEAN_MCDERMOTT,LESLIE_FRAZIER
MIKE_TRGOVAC,JEFF_DAVIDSON
MIKE_SMITH,ARTHUR_BLANK
JOHN_HARBAUGH,DEAN_PEES
PETE_CARROLL,KRIS_RICHARD
JOE_PHILBIN,DARREN_RIZZI
VANCE_JOSEPH,THE_PAT_BOWLEN_TRUST
KEVIN_O'DEA,DAVE_KENNEDY
ESTATE_OF_BUD_ADAMS,MIKE_MUNCHAK
GREGG_WILLIAMS,PETE_CARMICHAEL
BILL_SHERIDAN,KEVIN_GILBRIDE
JIM_BOB_COOTER,HAROLD_NASH
FRANK_BUSH,JOE_MARCIANO
ROB_RYAN,GREG_MCMAHON
LARRY_IZZO,CRAIG_FITZGERALD
JOHN_FOX,THE_PAT_BOWLEN_TRUST
KYLE_SHANAHAN,MIKE_MCDANIEL
BILL_O'BRIEN,ANTHONY_WEAVER
ZAC_TAYLOR,MIKE_BROWN
JIMMY,HUE_JACKSON
BILL_O'BRIEN,JANICE_MCNAIR
TERYL_AUSTIN,JASON_ARAPOFF
CHRIS_HORTON,JUNEY_BARNETT
BILL_BIDWILL,KEN_WHISENHUNT
